dataset	Random_prediction_(AUROC=)	RFC_(AUROC=)	accuracy_score	run_time
BZR	0.500	0.542	0.8395061728395061	2.5254459381103516
COX2	0.500	0.590	0.7553191489361702	4.152045011520386
DHFR	0.500	0.615	0.625	9.877223253250122
PROTEINS	0.500	0.795	0.7040358744394619	19.12847399711609
