,graph_density,graph_diameter,clustering_coeff,spectral_gap,assortativity,cliques,components,motif3,motif4
BZR,0.011307533793174517,0.02310521840236117,0.0057690486030340694,0.02345912270495099,0.018838520962911384,0.004173860038156725,0.0028201950994071498,0.021621676601056513,0.005083682157309614
COX2,0.015149509556302797,0.02240496109060888,0.0067796386719733955,0.02153705765818426,0.025977531172948508,0.004589305055865384,0.0010219330620231603,0.02252459809585356,0.005764228777421229
DHFR,0.015106505001904283,0.017169540159252736,0.008487379943237852,0.026701726755318206,0.03972133688781467,0.008258001384083122,0.002468773289631098,0.02516432203692502,0.007549124498724701
ENZYMES,0.00849294043629854,0.004455120158531258,0.012861733530256396,0.02508844900429906,0.01727497088864111,0.008382173074875779,0.0004981128997774765,0.017974570667846884,0.019782003197492185
MUTAG,0.019682191641363162,0.0081384070340235,0.004343271095745774,0.010324337390492797,0.008879334423501774,0.0038479151228703566,0.0006379390659303847,0.011705075934967347,0.004416848744162044
NCI1,0.023331256112377234,0.025951023824413593,0.023369800095764535,0.0684100310147192,0.05721578280822069,0.024340942430639435,0.005151764932859552,0.0521933091268413,0.03779158497311408
PROTEINS,0.00812012250206442,0.0057300925663301226,0.020450983875814205,0.042186734654848276,0.0258765029873295,0.014689934790577857,0.0007687406076115865,0.018314325508800477,0.029396768995331748
REDDIT-MULTI-12K,0.028901737011735925,0.01673712380843773,0.015938609871603737,0.1026242064926298,0.031964388454824376,0.01029884836493347,0.022697929677310828,0.03206684924149035,0.018818125854207945
REDDIT-MULTI-5K,0.026289670912496146,0.013867239418949072,0.01963231459305162,0.03807402737663695,0.024618013665062114,0.004686925102056863,0.023129793710581967,0.02799070836659401,0.021650551163991893
