,graph_density,graph_diameter,clustering_coeff,spectral_gap,assortativity,cliques,components,motif3,motif4
BZR,0.005652126422370972,0.012396137545441522,0.004498706118848815,0.015151865104885207,0.011482383234549191,0.003449775787659175,0.0019301383681367046,0.00869173222404849,0.004892839434190801
COX2,0.006161160738288024,0.00906417800722952,0.002906919973012759,0.011960783198636306,0.011029675853696849,0.001660516350696034,0.0008517390654527548,0.008571683462438673,0.0032140634096261464
DHFR,0.007003862623649092,0.008230094718712876,0.006582748469453127,0.020021204785601848,0.02365522474431211,0.006925377443271071,0.0020748180323562596,0.01408243814420571,0.00741660843583824
ENZYMES,0.00569403588095744,0.001748310228477774,0.00706881464254351,0.02726889186994331,0.013452990765537423,0.006377595762374022,0.000281134240717785,0.012105918618578635,0.019569370178024684
MUTAG,0.007083210867228053,0.0028142121469366455,0.0019340680491076942,0.004423328573890642,0.003274128271787267,0.0019049491947001522,0.0002973419938525274,0.0034493894999500442,0.002172307065432473
NCI1,0.015094742033556163,0.014055652780872981,0.022006716402897458,0.10595742586946927,0.04434085830600981,0.029526774282286318,0.003687310631409162,0.0672363064664634,0.04979715203228986
PROTEINS,0.004632851123985493,0.0022546395141154986,0.015497823521907095,0.058013653222963514,0.025176138512662084,0.013135842945540712,0.0007451112828210817,0.010097735804117752,0.03646885465203719
REDDIT-MULTI-12K,0.030888953376696546,0.019940316653152265,0.027497473420891965,0.17319873904807323,0.04519062697371382,0.017659712077679288,0.020914528638080146,0.05859008817840427,0.028471609527715373
REDDIT-MULTI-5K,0.03011289459458691,0.014797268505195341,0.01954836040330061,0.0879713802483462,0.030270981996085043,0.006165269597082873,0.022215407715933836,0.04283827032717397,0.02226474532533215
