,motif3,motif3,motif4,motif4
,std,mean,std,mean
dataset,,,,
ENZYMES,71.47837004667754,126.65666666666667,12.17498598793214,25.51
BZR,14.53355982975339,64.58024691358025,0.08585299688250476,0.007407407407407408
