dataset,Average,Standard_deviation
ENZYMES,76.08333333333333,71.98593419705146
BZR,32.29382716049383,33.87872468950699
MUTAG,14.476063829787234,15.967035904337218
PROTEINS,88.14195867026055,168.3713955452432
DHFR,36.75529100529101,38.560159293027766
NCI1,23.701824817518247,28.761283986012437
COX2,36.53640256959315,36.9422006777193
REDDIT-MULTI-5K,20253.233046609323,76346.72541447998
REDDIT-MULTI-12K,18900.0014250985,123363.49958501474
