dataset,row_average,row_std
ENZYMES,61.00277777777778,98.56985674612
BZR,19.97283950617284,35.56862148473055
MUTAG,7.858156028368795,16.0279372941353
